<workflow-app xmlns="uri:oozie:workflow:0.5" name="pysparkapp">
<start to ="spark-node" />

<action name="spark-node" cred="hive-creds">
<shell xmlns="uri:oozie:shell-action:0.2">
<job-tracker>${jobTracker}</job-tracker>
<name-node>${nameNode}</name-node>
<exec>hdfs://ip-172-31-23-206.us-east-2.compute.internal:8020/user/hadoop/ooziepoc/shell.sh</exec>
<file>hdfs://ip-172-31-23-206.us-east-2.compute.internal:8020/user/hadoop/ooziepoc/shell.sh</file>
<capture-output />
</shell>
<ok to ="end" />
<error to ="end" />
</action>


<kill name = "killAction">
<message> "killed due to error"</message>
</kill>
<end name="end" />
</workflow-app>
